store_code,id,quantity,availability,pickup_method,pickup_sla,product_name
1010,hdvb-1-17266,5,in stock,buy,same_day,Strike First 5lb Heavy Duty Vehicle Bracket - HDVB-1
1010,5-818-281,20,in stock,buy,same_day,Amerex Vehicle Bracket - 5lb ABC (818)
1010,322x,1,in stock,buy,same_day,5lb Fire Extinguisher - Amerex 322 Carbon Dioxide
1010,fhs-400-rr,2,in stock,buy,same_day,Mircom FHS-400-RR - Wall Mount LED Horn/Strobe (Red)
1010,up5md-312,5,in stock,buy,same_day,Strike First 5lb ABC Medium Duty Fire Extinguisher Bracket - UP5MD
1010,wfdtn,0,in stock,buy,next_day,Safe Signal WFDTN Waterflow Detector
1010,awm114,3,in stock,buy,same_day,Aluminum 8X12 Double Sided FIRE Extinguisher Sign
1010,01521-p001-1065,5,in stock,buy,same_day,Amerex Wall Bracket - 2.5lb/5lb ABC
1010,rti-1,0,in stock,buy,next_day,Remote Trouble Indicator RTI-1
1010,17717,10,in stock,buy,same_day,Emergency Exit – Unlocked by Fire Alarm | Vinyl Adhesive Safety Label
1010,00577-p001-1067,5,in stock,buy,same_day,Amerex Wall Bracket - 20lb ABC
1010,sti-9641,0,in stock,buy,next_day,Emergency Light Guard
1010,17544,0,in stock,buy,next_day,"""Fire Extinguisher Inside"" - 6"" x 9"" - Adhesive Vinyl Sign"
1010,715,0,in stock,buy,next_day,Amerex 715 Z-Series High Performance 30lb ABC Extinguisher
1010,ca27vb,0,in stock,buy,next_day,ANSUL CLEANGUARD+ 27.75 lb Clean Agent Fire Extinguisher – 20-B:C – Model CA27VB
1010,tsfsh-6,0,in stock,buy,next_day,Sprinkler Head Cabinet - 6 Heads
1010,tfspb-w-1-nd,10,in stock,buy,same_day,Fire Safety Plan Box With No Decals
1010,b394ts,0,in stock,buy,next_day,Amerex B394TS Halotron I 5.5 lb | FAA & USCG Approved
1010,sm120x,42,in stock,buy,same_day,Kidde SM120X - Smoke Alarm Relay
1010,18866,0,in stock,buy,next_day,Gunnebo Fire Department Key Box - Keyed for Toronto
1010,18873,2,in stock,buy,same_day,Clear Fire Retardant - 1 Quart Spray Bottle
1010,b500x6,1,in stock,buy,same_day,Amerex B500X - 5lb ABC Multi-Purpose Fire Extinguisher - 6 Pack
1010,tfspb-w-1-wd,10,in stock,buy,same_day,Fire Safety Plan Box With Decals
1010,398x,0,in stock,buy,next_day,Amerex 398X Halotron I 15.5 lb | FAA & USCG Approved
1010,18875,2,in stock,buy,same_day,Inspecta-Shield Clear Fire Retardant - 5 Gallon Drum
1010,tfs-1055-r,0,in stock,buy,next_day,Red 5lb Plastic Cabinets
1010,mp-300,3,in stock,buy,same_day,Microm MP-300 EOL Resistor Plate- White 3.9K 1/2 WATT
1010,b456x,4,in stock,buy,same_day,10 lb Fire Extinguisher - Amerex B456 ABC Multi-Purpose
1010,hdvb-4-17277,1,in stock,buy,same_day,Strike First 30lb Dry Chemical Heavy Duty Vehicle Bracket - HDVB-4
1010,19316,0,in stock,buy,next_day,Compact Wrench for Storz Fire Hose Coupling - 1′′ to 3′′
1010,b500tx,15,in stock,buy,same_day,5 lb Fire Extinguisher - Amerex B500TX ABC Multi-Purpose / Wrap Around Bracket
1010,tfspb-w,15,in stock,buy,same_day,Fire Safety Plan Box
1010,tfspb-sswd-2,10,in stock,buy,same_day,Stainless Steel Fire Safety Plan Box With Decals
1010,sf6lk,4,in stock,buy,same_day,Strike First SF6LK I 6L I UL/ULC Approved I Kitchen Use
1010,b402x,10,in stock,buy,same_day,5lb Fire Extinguisher - Amerex B402X ABC Multi-Purpose
1010,hdvb-2-17268,1,in stock,buy,same_day,Strike First 10lb Dry Chemical & 5lb CO2 Heavy Duty Vehicle Bracket - HDVB-2
1010,471,0,in stock,buy,next_day,Mircom FHS-400-WW - Wall Mount LED Horn/Strobe (White)
1010,p4010acledscoca,25,in stock,buy,same_day,Kidde 120V 3-in-1 LED Strobe and 10-Year Talking Smoke & CO Alarm (P4010ACLEDSCOCA)
1010,t-sdt,18,in stock,buy,same_day,Smoke Check - Smoke Detector Tester
1010,sf-310-3,15,in stock,buy,same_day,STRIKE FIRST SF-ABC310 | 5lb ABC Multi-Purpose Fire Extinguisher w/ Wall Bracket (3-Pack)
1010,tsfw-15,0,in stock,buy,next_day,Sprinkler Wrench for 1/2” Heads
1010,fn15,5,in stock,buy,same_day,"Polycarbonate Fire Hose Fog Nozzle, 75 gpm, 1-1/2"" NPSH"
1010,rlss-b672,10,in stock,buy,same_day,Emergency Light Battery 6V7AH
1010,sti-9742,0,in stock,buy,next_day,Exit Light Guard
1010,sf-10co2a,1,in stock,buy,same_day,Strike First 10lb CO2 | UL/ULC Approved | USCG Approved
1010,sf-5co2,2,in stock,buy,same_day,Strike First 5lb CO2 | UL/ULC Approved | USCG Approved
1010,-481,6,in stock,buy,same_day,Edwards Pullstation - 24VDC
1010,tflb-298a-439,20,in stock,buy,same_day,"Fire Equipment Log Book for Fire Alarm Systems, Emergency Lighting, Fire Extinguishers & Emergency Generators"
1010,mh-25r-1386,6,in stock,buy,same_day,Mircom MH-25R - Mini Horn (Red)
1010,rlss-12120,4,in stock,buy,same_day,Emergency Light Battery 12V12AH
1010,376,0,in stock,buy,next_day,1lb Fire Extinguisher - Amerex 376 BC Purple K with Vehicle Bracket
1010,a109,0,in stock,buy,next_day,"Aluminum Fire Extinguisher Sign - (4"" x 12"")"
1010,sf-110st,50,in stock,buy,same_day,Strike First SF110ST | Compact 2.5lb ABC I UL/ULC & USCG Approved
1010,5brk-1054,5,in stock,buy,same_day,5Lb Universal Quick Release Vehicle Bracket
1010,397x,0,in stock,buy,next_day,Amerex 397X Halotron | 11Lbs | FAA & USCG Approved
1010,a411,6,in stock,buy,same_day,20 lb Fire Extinguisher - Amerex A411 ABC Multi-Purpose
1010,15parap-50cb,5,in stock,buy,same_day,"1-1/2"" x 50' Single Jacket Fire Hose - Designed to be Clipped on a Swing Rack"
1010,19006,1,in stock,buy,same_day,ANSUL CLEANGUARD+ 7.5 lb Clean Agent Fire Extinguisher – 5-B:C – Model CA07VB
1010,fs400-rr,0,in stock,buy,next_day,Mircom FS-400-RR - Wall Mount Strobe (Red)
1010,psp1a,1,in stock,buy,same_day,System Sensor PSP1 SYS Supervisory / Tamper Switch
1010,c-999-1689,10,in stock,buy,same_day,Fire Extinguisher Cabinet - 10lb Surface Mounted (C-999)
1010,996,5,in stock,buy,same_day,"Fully Assembled 100' x 1-1/2"" Fire Hose & Rack"
1010,4-1-4-807-285,10,in stock,buy,same_day,Amerex Heavy Duty Vehicle Bracket – 4 1/4′′ Cylinder (807)
1010,459,1,in stock,buy,same_day,"Mircom FA-106R: Six Zone Fire Alarm Unit, Red Door"
1010,ms-401-479,40,in stock,buy,same_day,Mircom MS-401 - Single Stage Pull Station
1010,fs-400-ww,0,in stock,buy,next_day,Mircom FS-400-WW - Wall Mount Strobe (White)
1010,21032772,30,in stock,buy,same_day,Kidde DETECT - Battery Operated Photoelectric Smoke & CO w/10 Year Sealed Battery & Voice Alerts (30CUD10-VCA)
1010,75000,3,in stock,buy,same_day,Fire Alarm Circuit Breaker Lock Off
1010,t-erhc100,2,in stock,buy,same_day,Vinyl Cover for 100' Fire Hose Assembled on a Swing Rack
1010,wfd20n,0,in stock,buy,next_day,Safe Signal WFD20N 5.1cm Waterflow Detector
1010,15parap-75cb,5,in stock,buy,same_day,"1-1/2"" x 75' Single Jacket Fire Hose - Designed to be Clipped on a Swing Rack"
1010,ca03vb,1,in stock,buy,same_day,ANSUL CLEANGUARD+ 3.5 lb Clean Agent Fire Extinguisher – 2-B:C – Model CA03VB
1010,775701155,10,in stock,buy,same_day,"Sprinkler Head 1/2"""
1010,c-100-290,10,in stock,buy,same_day,Fire Extinguisher Cabinet - 5lb Surface Mounted (C-100)
1010,21031471,12,in stock,buy,same_day,Kidde DETECT - Battery Operated Photoelectric Smoke Alarm w/10 Year Sealed Battery (20SD10-CA)
1010,c270,0,in stock,buy,next_day,6 Litre (1.75g) Class AC Deionized Water Mist Extinguisher - Amerex C270
1010,mh-s25wa-388,0,in stock,buy,next_day,Mircom MH-S25WA - Sileanceable Mini Horn (White)
1010,sl-e6-36,0,in stock,buy,next_day,Combination Exit LED Sign / Emergency Lighting
1010,468193-426,3,in stock,buy,same_day,Kidde 2 Storey Escape Ladder
1010,bl-6b-24v-6-467,0,in stock,buy,next_day,"Mircom BL-6B - 24V 6"" Fire Alarm Bell"
1010,b570,0,in stock,buy,next_day,30 lb Model B570 Class D Fire Extinguisher
1010,21031518,10,in stock,buy,same_day,Kidde DETECT – Battery Operated Photoelectric Smoke & CO w/10 Year Sealed Battery - NO VOICE ALERT (30CUD10-CA)
1010,sl-rm-12-36,0,in stock,buy,next_day,Running Man Combo Exit Emergency Light Unit 12V 36W
1010,21032239,50,in stock,buy,same_day,Kidde Quick Connect Alarm Adapter
1010,c2w-ba-460,10,in stock,buy,same_day,Mircom C2W-BA Smoke Detector 12/24 VDC
1010,dd4120-st15-17897,6,in stock,buy,same_day,System Sensor - D4120 4-Wire Photoelectric Duct Smoke Detector and 1.5' Sampling Tube
1010,b386tx,2,in stock,buy,same_day,5 lb Fire Extinguisher - Amerex B386TX Halotron Class BC
1010,ne20,20,in stock,buy,same_day,Pull Station Label - no Elevator
1010,hdvb-3-17275,1,in stock,buy,same_day,Strike First 20lb Dry Chemical & 10lb-15lb CO2 Heavy Duty Vehicle Bracket - HDVB-3
1010,k-270-a-dpo-483,2,in stock,buy,same_day,Edwards Pullstation - 120VAC
1010,sti1100,10,in stock,buy,same_day,Audible Pull Station Cover - STI1100
1010,b402txc,0,in stock,buy,next_day,5lb Fire Extinguisher - Amerex B402TXC ABC Multi-Purpose - Chrome
1010,spg,10,in stock,buy,same_day,Sprinkler Guard
1010,nv-6-36,0,in stock,buy,next_day,Emergency Lighting Unit 36 Watt Output
1010,fb64pc-1072,2,in stock,buy,same_day,Fiber Glass Fire Blanket (1m x 1m)
1010,470,0,in stock,buy,next_day,Mircom MH-25W - Mini Horn (White)
1010,fh-400-rr-1397,0,in stock,buy,next_day,Mircom FH-400-RR - Wall/Ceiling Mount Horn (Red)
1010,el-7030a5,0,in stock,buy,next_day,Single LED Emergency Light Remote Head - 6-24V5W
1010,b417txc,0,in stock,buy,next_day,2.5lb Chrome Fire Extinguisher - Amerex B417TXC ABC Multi-Purpose
1010,rlss-b6120,5,in stock,buy,same_day,Emergency Light Battery 6V12AH
1010,21031559,10,in stock,buy,same_day,Kidde DETECT - 120V Photoelectric Smoke Alarm w/ 10 Year Backup Battery (20SA10-CA)
1010,21032774,10,in stock,buy,same_day,Kidde DETECT - 120V Photoelectric Smoke + Carbon Monoxide Alarm w/ 10 Year Backup Battery & Voice Alert (30CUA10-VCA)
1010,5-809-288,2,in stock,buy,same_day,"Amerex Heavy Duty Vehicle Bracket - 5"" Cylinder (809)"
1010,nlrp109,2,in stock,buy,same_day,"Aluminum Fire Extinguisher Sign - (4"" x 18"")"
1010,sf-abc110st-2,10,in stock,buy,same_day,Strike First SF-ABC110ST | 2.5lb ABC Multi-Purpose Fire Extinguisher w/Vehicle Bracket (2-Pack)
1010,el-7012,0,in stock,buy,next_day,Emergency Light Pack 36 Watt Output
1010,brx-551,0,in stock,buy,next_day,Amerex 551- 12.5lbs Halotron BrX Clean Agent HT Series
1010,b500x,25,in stock,buy,same_day,5 lb Fire Extinguisher - Amerex B500 ABC Multi-Purpose w/ Wall Bracket
1010,dst1_5,20,in stock,buy,same_day,System Sensor DST 1.5-1.5' Duct Detector Sampling Tube
1010,rd1-437,3,in stock,buy,same_day,First Alert Radon Test Kit
1010,tfs15ind-50-19253,5,in stock,buy,same_day,"Single Jacket Reel Hose (1 1/2"" x 50')"
1010,2s30,20,in stock,buy,same_day,"2 Stage Alarm Pull Station Label - ""do Not Use Elevator"""
1010,nl109,5,in stock,buy,same_day,"Vinyl Fire Extinguisher Sign - Peel & Stick (4"" x 12"")"
1010,994,1,in stock,buy,same_day,"Fully Assembled 75' x 1-1/2"" Fire Hose & Rack"
1010,fh-400-ww-465,0,in stock,buy,next_day,Mircom FH-400-WW - Wall/Ceiling Mount Horn (White)
1010,12933-1740,1,in stock,buy,same_day,"Amerex Heavy Duty Vehicle Bracket – 7"" Cylinder (810)"
1010,wfd60n,0,in stock,buy,same_day,"Safe Signal WFD60N 6"" Waterflow Detector"
1010,12v5ah-1733,10,in stock,buy,same_day,Fire Alarm Control Panel Battery - 12V5AH
1010,433,2,in stock,buy,same_day,Pull Station Cover w/ Breaker Bar
1010,hr-100,10,in stock,buy,same_day,"Swing Rack for 50', 75' & 100' x 1-1/2"" Single Jacket Lined Fire Hose"
1010,b500x5,0,in stock,buy,next_day,Amerex B500X - 5lb ABC Multi-Purpose Fire Extinguisher - 5 Pack
1010,cl-r2-rl,0,in stock,buy,next_day,Double LED Emergency Light Remote Head - 6-24V5W
1010,ec-111-292,1,in stock,buy,same_day,Fire Extinguisher Cabinet - 5lb Semi-Recessed
1010,tfsar-50,1,in stock,buy,same_day,"Fully Assembled 50' x 1-1/2"" Fire Hose Rack"
1010,468094-428,3,in stock,buy,same_day,Kidde 3 Storey Escape Ladder
1010,330x,1,in stock,buy,same_day,10lb Fire Extinguisher - Amerex 330 Carbon Dioxide
1010,rq-4jdk-3uex,5,in stock,buy,same_day,Strike First SF1020 | 20lb ABC | UL/ULC & USCG Approved | Industrial
1010,ve2-rm-sp-l-u-olr-m,0,in stock,buy,next_day,Running Man LED Sign
1010,01521-1064,10,in stock,buy,same_day,Amerex Wall Bracket - 2.5lb / 5lb ABC
1010,rlss-b650,10,in stock,buy,same_day,Emergency Light Battery 6V5AH
1010,d4120_dst3,0,in stock,buy,next_day,System Sensor – D4120 4-Wire Photoelectric Duct Smoke Detector and 3′ Sampling Tube
1010,s10,10,in stock,buy,same_day,"Single Stage Alarm Pull Station Label - ""do Not Use Elevator"""
1010,b479tx,1,in stock,buy,same_day,Amerex B479T - 5lb Purple K | Class B C Fire Extinguisher
1010,sf340-vb,10,in stock,buy,same_day,Strike First SF340 I 5lb 3A40B:C I UL/ULC & USCG Approved I Mixed Use w/ Vehicle Bracket
1010,ru65b,10,in stock,buy,same_day,Sprinkler Head Upright 155 Degree Celsius
1010,e-fec-5-1038,5,in stock,buy,same_day,"Fire Extinguisher Cover (Window) for 2.5 to 5lb Extinguisher (16"" x 11"")"
1010,21032773,10,in stock,buy,same_day,Kidde DETECT - 120V Photoelectric Smoke + Carbon Monoxide Alarm w/AA Backup Battery (30CUAR-VCA) - Batteries Included
1010,343,1,in stock,buy,same_day,Brass Cap
1010,tfspb-ss-1-nd,10,in stock,buy,same_day,No Decal Stainless Steel Fire Safety Plan Box
1010,mh-s25ra,0,in stock,buy,next_day,Mircom MH-S25RA - Sileanceable Mini Horn (Red)
1010,c260x,3,in stock,buy,same_day,6 Litre Fire Extinguisher - Amerex C260X Type K Wet Chemical
1010,sf680,6,in stock,buy,same_day,Strike First SF680 I 10lb ABC I UL/ULC & USCG Approved I Multi-Purpose
1010,6l-k-275,10,in stock,buy,same_day,Amerex Wall Bracket - 6L K Class
1010,21032771,10,in stock,buy,same_day,Kidde DETECT - Combination Smoke & Carbon Monoxide Alarm | Photoelectric Sensor | AA Battery Operated | 30CUDR-CA
1010,efec20el,2,in stock,buy,same_day,Fire Extinguisher Cover (With Window) – Fits 10 to 20 lb Extinguishers Medium 25 x 16 1/2
1010,wfd40n,0,in stock,buy,next_day,"Safe Signal WFD40N 4"" waterflow detector"
1010,5601a,10,in stock,buy,same_day,System Sensor 5601A Heat Detector Fixed Temperature & Rate Of Rise
1010,tfspb-ss,40,in stock,buy,same_day,Stainless Steel Fire Safety Plan Box
1010,b500x3,1,in stock,buy,same_day,5lb Fire Extinguisher - Amerex B500 ABC Multi-Purpose (3 Pack)
1010,2_5-817-283,10,in stock,buy,same_day,Amerex Vehicle Bracket - 2.5lb ABC (817)
1010,srfe2a,15,in stock,buy,same_day,Strike First SRFE2A | 2lb ABC | UL/ULC Approved I Residential
1010,ubrk-1052,5,in stock,buy,same_day,2.5lb Universal Quick Release Vehicle Bracket
1010,12v7ah-1735,10,in stock,buy,same_day,Fire Alarm Control Panel Battery – 12V7AH
1010,t-erhc75,5,in stock,buy,same_day,Vinyl Cover for 75' Fire Hose - Assembled on a Swing Rack
1010,00456-p-1050,10,in stock,buy,same_day,Amerex Wall Bracket - 10lb ABC
1010,bkb-420,0,in stock,buy,same_day,Keyed Lock for Fire Alarm Panels
1010,15parap-100cb,1,in stock,buy,same_day,"1-1/2"" x 100' Single Jacket Fire Hose - Designed to be Clipped on a Swing Rack"
1010,19005,0,in stock,buy,next_day,ANSUL CLEANGUARD+ 13 lb Clean Agent Fire Extinguisher – 10-B:C – Model CA13VB
1010,d4120-1058,6,in stock,buy,same_day,System Sensor D4120 4-Wire Photoelectric Duct Smoke Detector
1010,b500x2,10,in stock,buy,same_day,5lb Fire Extinguisher - Amerex B500X ABC Multi-Purpose (2-Pack)
1010,sf310,15,in stock,buy,same_day,Strike First SF310 I Versatile 5lb ABC I UL/ULC & USCG Approved
1010,bfb-430,3,in stock,buy,same_day,Fire Blanket and Bag
1010,c272,0,in stock,buy,next_day,9 Litre (2.5g) Class AC Deionized Water Mist Extinguisher - Amerex C272
1010,tfs1100,1,in stock,buy,same_day,"Happy Tree (6 Pack) 1/2"" IPS Fire Sprinkler Head Guard Cover Red for Pendent & Upright & Horizontal Sidewall Head - Double Hook Fire Sprinkler Head "
1010,b417tx,10,in stock,buy,same_day,2.5lb Fire Extinguisher - Amerex B417TX ABC Multi Purpose w/ Vehicle Bracket
1010,b385tsx,2,in stock,buy,same_day,Amerex B385TSX - 2.5lb Halotron1 - Class B C Fire Extinguisher
1010,a384t,2,in stock,buy,same_day,"Amerex A384T, 1.4lb Halotron I Class B C Fire Extinguisher"
1010,wfd25n,0,in stock,buy,next_day,"Safe Signal WFD25N 2.5"" Waterflow Detector"
1010,b500x4,10,in stock,buy,same_day,Amerex B500X - 5lb ABC Multi-Purpose Fire Extinguisher - 4 Pack
1010,plug-b-250cl-pl,1,in stock,buy,same_day,"2.5"" Threaded Brass Plug"
1010,bl-10b-24vdc-1382,20,in stock,buy,same_day,"Mircom BL-10B - 24VDC 10"" Fire Alarm Bell"
1010,18877,0,in stock,buy,next_day,Emergency Fire Blanket | For Fire Suppression & Burn Victim Protection
